User Name,IMEI,SIM BLOCK,Modified Date
alldevices@alldevices.uk,351777091776920,False,2/3/2021 12:43:52 AM
alldevices@alldevices.uk,351777091778322,False,2/3/2021 12:43:52 AM
alldevices@alldevices.uk,351777091780104,False,2/3/2021 12:43:52 AM
alldevices@alldevices.uk,351777091780138,False,2/3/2021 12:43:52 AM
alldevices@alldevices.uk,351777093748042,False,2/3/2021 12:43:52 AM
alldevices@alldevices.uk,352503090496818,False,2/3/2021 12:43:52 AM
alldevices@alldevices.uk,353549090412478,True,2/3/2021 12:43:52 AM
alldevices@alldevices.uk,353549090418210,False,2/3/2021 12:43:52 AM
alldevices@alldevices.uk,353549091185628,False,2/3/2021 12:43:52 AM
alldevices@alldevices.uk,353549091185651,False,2/3/2021 12:43:52 AM
alldevices@alldevices.uk,353549091187574,True,2/3/2021 12:43:52 AM
alldevices@alldevices.uk,353549091193234,False,2/3/2021 12:43:52 AM
alldevices@alldevices.uk,353549091463900,False,2/3/2021 12:43:52 AM
alldevices@alldevices.uk,353549091694330,False,2/3/2021 12:43:52 AM
alldevices@alldevices.uk,353549091694355,True,2/3/2021 12:43:52 AM
alldevices@alldevices.uk,353549091694405,False,2/3/2021 12:43:52 AM
alldevices@alldevices.uk,353549091694454,True,2/3/2021 12:43:52 AM
alldevices@alldevices.uk,353549091694462,False,2/3/2021 12:43:52 AM
alldevices@alldevices.uk,353549091694850,False,2/3/2021 12:43:52 AM
alldevices@alldevices.uk,353549091695667,True,2/3/2021 12:43:52 AM
alldevices@alldevices.uk,353549091697267,False,2/3/2021 12:43:52 AM
alldevices@alldevices.uk,353549091697317,False,2/3/2021 12:43:52 AM
alldevices@alldevices.uk,353549091697333,False,2/3/2021 12:43:52 AM
alldevices@alldevices.uk,353549091697481,False,2/3/2021 12:43:52 AM
alldevices@alldevices.uk,353549091697523,False,2/3/2021 12:43:52 AM
alldevices@alldevices.uk,353549091699727,False,2/3/2021 12:43:52 AM
alldevices@alldevices.uk,353549091699735,False,2/3/2021 12:43:52 AM
alldevices@alldevices.uk,353549091700418,False,2/3/2021 12:43:52 AM
alldevices@alldevices.uk,353701092170477,False,2/3/2021 12:43:52 AM
alldevices@alldevices.uk,353701092170931,False,2/3/2021 12:43:52 AM
alldevices@alldevices.uk,353701092172499,False,2/3/2021 12:43:52 AM
alldevices@alldevices.uk,353701092172697,False,2/3/2021 12:43:52 AM
alldevices@alldevices.uk,353701092172713,False,2/3/2021 12:43:52 AM
alldevices@alldevices.uk,353701092176771,False,2/3/2021 12:43:52 AM
alldevices@alldevices.uk,353701092176797,False,2/3/2021 12:43:52 AM
alldevices@alldevices.uk,353701092176805,False,2/3/2021 12:43:52 AM
alldevices@alldevices.uk,353701092176862,False,2/3/2021 12:43:52 AM
alldevices@alldevices.uk,353701092177241,False,2/3/2021 12:43:52 AM
alldevices@alldevices.uk,353701092177589,False,2/3/2021 12:43:52 AM
alldevices@alldevices.uk,353701092177647,False,2/3/2021 12:43:52 AM
alldevices@alldevices.uk,353701092177779,False,2/3/2021 12:43:52 AM
alldevices@alldevices.uk,354017110107659,False,2/3/2021 12:43:52 AM
alldevices@alldevices.uk,354017110107766,False,2/3/2021 12:43:52 AM
alldevices@alldevices.uk,354017110107808,False,2/3/2021 12:43:52 AM
alldevices@alldevices.uk,354017110107816,False,2/3/2021 12:43:52 AM
alldevices@alldevices.uk,354017110145261,False,2/3/2021 12:43:52 AM
alldevices@alldevices.uk,354017110146293,False,2/3/2021 12:43:52 AM
alldevices@alldevices.uk,354017110146525,False,2/3/2021 12:43:52 AM
alldevices@alldevices.uk,354017110148828,False,2/3/2021 12:43:52 AM
alldevices@alldevices.uk,354017110149313,False,2/3/2021 12:43:52 AM
alldevices@alldevices.uk,354017110149321,False,2/3/2021 12:43:52 AM
alldevices@alldevices.uk,354017110149396,False,2/3/2021 12:43:52 AM
alldevices@alldevices.uk,354017110149495,False,2/3/2021 12:43:52 AM
alldevices@alldevices.uk,354017110149578,False,2/3/2021 12:43:52 AM
alldevices@alldevices.uk,354017110149685,False,2/3/2021 12:43:52 AM
alldevices@alldevices.uk,354017110149727,False,2/3/2021 12:43:52 AM
alldevices@alldevices.uk,354017110150105,False,2/3/2021 12:43:52 AM
alldevices@alldevices.uk,354017110150154,False,2/3/2021 12:43:52 AM
alldevices@alldevices.uk,354017110186885,False,2/3/2021 12:43:52 AM
alldevices@alldevices.uk,354017110186927,False,2/3/2021 12:43:52 AM
alldevices@alldevices.uk,354017110186976,False,2/3/2021 12:43:52 AM
alldevices@alldevices.uk,354017110187008,False,2/3/2021 12:43:52 AM
alldevices@alldevices.uk,354017110187073,False,2/3/2021 12:43:52 AM
alldevices@alldevices.uk,354017110187081,False,2/3/2021 12:43:52 AM
alldevices@alldevices.uk,354017110187198,False,2/3/2021 12:43:52 AM
alldevices@alldevices.uk,354017110197858,False,2/3/2021 12:43:52 AM
alldevices@alldevices.uk,354017110323579,False,2/3/2021 12:43:52 AM
alldevices@alldevices.uk,354017110324023,False,2/3/2021 12:43:52 AM
alldevices@alldevices.uk,354017110324049,False,2/3/2021 12:43:52 AM
alldevices@alldevices.uk,354017110351091,False,2/3/2021 12:43:52 AM
alldevices@alldevices.uk,354017110351141,False,2/3/2021 12:43:52 AM
alldevices@alldevices.uk,354017110351240,False,2/3/2021 12:43:52 AM
alldevices@alldevices.uk,354017110351257,False,2/3/2021 12:43:52 AM
alldevices@alldevices.uk,354017110351265,False,2/3/2021 12:43:52 AM
alldevices@alldevices.uk,354017110351273,False,2/3/2021 12:43:52 AM
alldevices@alldevices.uk,354017110351331,False,2/3/2021 12:43:52 AM
alldevices@alldevices.uk,354017110352776,False,2/3/2021 12:43:52 AM
alldevices@alldevices.uk,354017110364169,False,2/3/2021 12:43:52 AM
alldevices@alldevices.uk,354017110368640,False,2/3/2021 12:43:52 AM
alldevices@alldevices.uk,354017110368673,False,2/3/2021 12:43:52 AM
alldevices@alldevices.uk,354017110368780,False,2/3/2021 12:43:52 AM
alldevices@alldevices.uk,354017110371479,False,2/3/2021 12:43:52 AM
alldevices@alldevices.uk,354017110373228,False,2/3/2021 12:43:52 AM
alldevices@alldevices.uk,354017110374135,False,2/3/2021 12:43:52 AM
alldevices@alldevices.uk,354017110374739,False,2/3/2021 12:43:52 AM
alldevices@alldevices.uk,354017110380504,False,2/3/2021 12:43:52 AM
alldevices@alldevices.uk,354017110380520,False,2/3/2021 12:43:52 AM
alldevices@alldevices.uk,354017110380595,False,2/3/2021 12:43:52 AM
alldevices@alldevices.uk,354017110380678,False,2/3/2021 12:43:52 AM
alldevices@alldevices.uk,354017110380785,False,2/3/2021 12:43:52 AM
alldevices@alldevices.uk,354017110389455,False,2/3/2021 12:43:52 AM
alldevices@alldevices.uk,354017110389463,False,2/3/2021 12:43:52 AM
alldevices@alldevices.uk,354017110389539,False,2/3/2021 12:43:52 AM
alldevices@alldevices.uk,354017110417348,False,2/3/2021 12:43:52 AM
alldevices@alldevices.uk,354017110419591,False,2/3/2021 12:43:52 AM
alldevices@alldevices.uk,354017110419617,False,2/3/2021 12:43:52 AM
alldevices@alldevices.uk,354017110419682,False,2/3/2021 12:43:52 AM
alldevices@alldevices.uk,354017110427263,False,2/3/2021 12:43:52 AM
alldevices@alldevices.uk,354017110427420,False,2/3/2021 12:43:52 AM
alldevices@alldevices.uk,354017110429780,False,2/3/2021 12:43:52 AM
alldevices@alldevices.uk,354017110447527,False,2/3/2021 12:43:52 AM
alldevices@alldevices.uk,354017110450620,False,2/3/2021 12:43:52 AM
alldevices@alldevices.uk,354017110450703,False,2/3/2021 12:43:52 AM
alldevices@alldevices.uk,354017110452097,False,2/3/2021 12:43:52 AM
alldevices@alldevices.uk,354017110936495,False,2/3/2021 12:43:52 AM
alldevices@alldevices.uk,354017110936560,False,2/3/2021 12:43:52 AM
alldevices@alldevices.uk,354017110936669,False,2/3/2021 12:43:52 AM
alldevices@alldevices.uk,354017115812071,False,2/3/2021 12:43:52 AM
alldevices@alldevices.uk,354017115813269,False,2/3/2021 12:43:52 AM
alldevices@alldevices.uk,354017116226743,False,2/3/2021 12:43:52 AM
alldevices@alldevices.uk,354017116232741,False,2/3/2021 12:43:52 AM
alldevices@alldevices.uk,354017116232790,False,2/3/2021 12:43:52 AM
alldevices@alldevices.uk,354017116510799,False,2/3/2021 12:43:52 AM
alldevices@alldevices.uk,354017116511052,False,2/3/2021 12:43:52 AM
alldevices@alldevices.uk,358735073843780,False,2/3/2021 12:43:52 AM
alldevices@alldevices.uk,358735073859869,False,2/3/2021 12:43:52 AM
alldevices@alldevices.uk,358735073859885,False,2/3/2021 12:43:52 AM
alldevices@alldevices.uk,358735073860180,False,2/3/2021 12:43:52 AM
alldevices@alldevices.uk,359632102165690,False,2/3/2021 12:43:52 AM
alldevices@alldevices.uk,359632103698863,False,2/3/2021 12:43:52 AM
alldevices@alldevices.uk,359632103701501,False,2/3/2021 12:43:52 AM
alldevices@alldevices.uk,359632103716152,False,2/3/2021 12:43:52 AM
alldevices@alldevices.uk,359632103744873,False,2/3/2021 12:43:52 AM
alldevices@alldevices.uk,359632103748502,False,2/3/2021 12:43:52 AM
alldevices@alldevices.uk,359632103766710,False,2/3/2021 12:43:52 AM
alldevices@alldevices.uk,359632108465045,False,2/3/2021 12:43:52 AM
alldevices@alldevices.uk,359633104181461,False,2/3/2021 12:43:52 AM
alldevices@alldevices.uk,359633104191916,False,2/3/2021 12:43:52 AM
alldevices@alldevices.uk,359633104205328,False,2/3/2021 12:43:52 AM
alldevices@alldevices.uk,359633104216531,False,2/3/2021 12:43:52 AM
alldevices@alldevices.uk,359633104239418,False,2/3/2021 12:43:52 AM
alldevices@alldevices.uk,359633104245357,False,2/3/2021 12:43:52 AM
alldevices@alldevices.uk,359633104250480,False,2/3/2021 12:43:52 AM
alldevices@alldevices.uk,359633104257790,False,2/3/2021 12:43:52 AM
alldevices@alldevices.uk,359633104270611,False,2/3/2021 12:43:52 AM
alldevices@alldevices.uk,359633104286435,False,2/3/2021 12:43:52 AM
alldevices@alldevices.uk,359633104984732,False,2/3/2021 12:43:52 AM
alldevices@alldevices.uk,359633105501741,False,2/3/2021 12:43:52 AM
alldevices@alldevices.uk,359633105560143,False,2/3/2021 12:43:52 AM
alldevices@alldevices.uk,359633106500486,False,2/3/2021 12:43:52 AM
alldevices@alldevices.uk,359633106817971,False,2/3/2021 12:43:52 AM
alldevices@alldevices.uk,359633106818284,False,2/3/2021 12:43:52 AM
alldevices@alldevices.uk,359633106911741,False,2/3/2021 12:43:52 AM
alldevices@alldevices.uk,359633106918324,False,2/3/2021 12:43:52 AM
alldevices@alldevices.uk,359633106959526,False,2/3/2021 12:43:52 AM
alldevices@alldevices.uk,359633106959567,False,2/3/2021 12:43:52 AM
alldevices@alldevices.uk,359633106959633,False,2/3/2021 12:43:52 AM
alldevices@alldevices.uk,359633106959740,False,2/3/2021 12:43:52 AM
alldevices@alldevices.uk,359633107553344,False,2/3/2021 12:43:52 AM
alldevices@alldevices.uk,359633107553351,False,2/3/2021 12:43:52 AM
alldevices@alldevices.uk,359633107553492,False,2/3/2021 12:43:52 AM
alldevices@alldevices.uk,359633107556941,False,2/3/2021 12:43:52 AM
alldevices@alldevices.uk,359633107557006,False,2/3/2021 12:43:52 AM
alldevices@alldevices.uk,359633107557097,False,2/3/2021 12:43:52 AM
alldevices@alldevices.uk,359633107731460,False,2/3/2021 12:43:52 AM
alldevices@alldevices.uk,359633107765500,False,2/3/2021 12:43:52 AM
alldevices@alldevices.uk,359633107784154,False,2/3/2021 12:43:52 AM
alldevices@alldevices.uk,359633107791969,False,2/3/2021 12:43:52 AM
alldevices@alldevices.uk,359633107798006,False,2/3/2021 12:43:52 AM
alldevices@alldevices.uk,359633108388740,False,2/3/2021 12:43:52 AM
alldevices@alldevices.uk,359633108422051,False,2/3/2021 12:43:52 AM
alldevices@alldevices.uk,359633108427456,False,2/3/2021 12:43:52 AM
alldevices@alldevices.uk,359633108595617,False,2/3/2021 12:43:52 AM
alldevices@alldevices.uk,359633108607685,False,2/3/2021 12:43:52 AM
alldevices@alldevices.uk,359633108704524,False,2/3/2021 12:43:52 AM
alldevices@alldevices.uk,359633108713699,False,2/3/2021 12:43:52 AM
alldevices@alldevices.uk,359633108717138,False,2/3/2021 12:43:52 AM
alldevices@alldevices.uk,359633109176532,False,2/3/2021 12:43:52 AM
alldevices@alldevices.uk,359633109176698,False,2/3/2021 12:43:52 AM
alldevices@alldevices.uk,359633109185293,False,2/3/2021 12:43:52 AM
alldevices@alldevices.uk,359633109187687,False,2/3/2021 12:43:52 AM
alldevices@alldevices.uk,359633109187695,False,2/3/2021 12:43:52 AM
alldevices@alldevices.uk,359633109187737,False,2/3/2021 12:43:52 AM
alldevices@alldevices.uk,359633109187778,False,2/3/2021 12:43:52 AM
alldevices@alldevices.uk,359633109187836,False,2/3/2021 12:43:52 AM
alldevices@alldevices.uk,359633109187919,False,2/3/2021 12:43:52 AM
alldevices@alldevices.uk,359633109215645,False,2/3/2021 12:43:52 AM
alldevices@alldevices.uk,359633109237102,False,2/3/2021 12:43:52 AM
alldevices@alldevices.uk,359633109253968,False,2/3/2021 12:43:52 AM
alldevices@alldevices.uk,359633109266465,False,2/3/2021 12:43:52 AM
alldevices@alldevices.uk,359633109423926,False,2/3/2021 12:43:52 AM
alldevices@alldevices.uk,359633109424098,False,2/3/2021 12:43:52 AM
alldevices@alldevices.uk,359633109437694,False,2/3/2021 12:43:52 AM
alldevices@alldevices.uk,359633109450820,False,2/3/2021 12:43:52 AM
alldevices@alldevices.uk,359633109450887,False,2/3/2021 12:43:52 AM
alldevices@alldevices.uk,359633109458799,False,2/3/2021 12:43:52 AM
alldevices@alldevices.uk,359633109458823,False,2/3/2021 12:43:52 AM
alldevices@alldevices.uk,359633109458831,False,2/3/2021 12:43:52 AM
alldevices@alldevices.uk,359633109459011,False,2/3/2021 12:43:52 AM
alldevices@alldevices.uk,359633109550280,False,2/3/2021 12:43:52 AM
alldevices@alldevices.uk,359633109585823,False,2/3/2021 12:43:52 AM
alldevices@alldevices.uk,359633109602578,False,2/3/2021 12:43:52 AM
alldevices@alldevices.uk,359633109697834,False,2/3/2021 12:43:52 AM
alldevices@alldevices.uk,359633109727136,False,2/3/2021 12:43:52 AM
alldevices@alldevices.uk,359633109727292,False,2/3/2021 12:43:52 AM
alldevices@alldevices.uk,359633109727441,False,2/3/2021 12:43:52 AM
alldevices@alldevices.uk,359633109727573,False,2/3/2021 12:43:52 AM
alldevices@alldevices.uk,359633109727870,False,2/3/2021 12:43:52 AM
alldevices@alldevices.uk,359633109749569,False,2/3/2021 12:43:52 AM
alldevices@alldevices.uk,359633109749726,False,2/3/2021 12:43:52 AM
alldevices@alldevices.uk,359633109749809,False,2/3/2021 12:43:52 AM
alldevices@alldevices.uk,359633109777677,False,2/3/2021 12:43:52 AM
alldevices@alldevices.uk,359633109777693,False,2/3/2021 12:43:52 AM
alldevices@alldevices.uk,359633109780655,False,2/3/2021 12:43:52 AM
alldevices@alldevices.uk,359633109864491,False,2/3/2021 12:43:52 AM
alldevices@alldevices.uk,359633109864632,False,2/3/2021 12:43:52 AM
alldevices@alldevices.uk,359633109895131,False,2/3/2021 12:43:52 AM
alldevices@alldevices.uk,359633109895248,False,2/3/2021 12:43:52 AM
alldevices@alldevices.uk,359633109936430,False,2/3/2021 12:43:52 AM
alldevices@alldevices.uk,359633109936513,False,2/3/2021 12:43:52 AM
alldevices@alldevices.uk,359633109960844,False,2/3/2021 12:43:52 AM
alldevices@alldevices.uk,359633109960984,False,2/3/2021 12:43:52 AM
alldevices@alldevices.uk,359647090061354,False,2/3/2021 12:43:52 AM
alldevices@alldevices.uk,359647090061743,False,2/3/2021 12:43:52 AM
alldevices@alldevices.uk,359647090062907,False,2/3/2021 12:43:52 AM
alldevices@alldevices.uk,359647090063038,False,2/3/2021 12:43:52 AM
alldevices@alldevices.uk,359647090063566,False,2/3/2021 12:43:52 AM
alldevices@alldevices.uk,359647090104469,False,2/3/2021 12:43:52 AM
alldevices@alldevices.uk,359647090106175,False,2/3/2021 12:43:52 AM
alldevices@alldevices.uk,359647090106951,False,2/3/2021 12:43:52 AM
alldevices@alldevices.uk,359647090108163,False,2/3/2021 12:43:52 AM
alldevices@alldevices.uk,359647090109377,False,2/3/2021 12:43:52 AM
alldevices@alldevices.uk,359647090141685,False,2/3/2021 12:43:52 AM
alldevices@alldevices.uk,359647090163952,False,2/3/2021 12:43:52 AM
alldevices@alldevices.uk,359647090189502,False,2/3/2021 12:43:52 AM
alldevices@alldevices.uk,359647090189635,False,2/3/2021 12:43:52 AM
alldevices@alldevices.uk,359647090190468,False,2/3/2021 12:43:52 AM
alldevices@alldevices.uk,359647090193462,False,2/3/2021 12:43:52 AM
alldevices@alldevices.uk,359647090316337,False,2/3/2021 12:43:52 AM
alldevices@alldevices.uk,359647090316345,False,2/3/2021 12:43:52 AM
alldevices@alldevices.uk,359647090316436,False,2/3/2021 12:43:52 AM
alldevices@alldevices.uk,359647090316469,False,2/3/2021 12:43:52 AM
alldevices@alldevices.uk,359647090316709,False,2/3/2021 12:43:52 AM
alldevices@alldevices.uk,359647090317764,False,2/3/2021 12:43:52 AM
alldevices@alldevices.uk,359647090317913,False,2/3/2021 12:43:52 AM
alldevices@alldevices.uk,359647090317962,False,2/3/2021 12:43:52 AM
alldevices@alldevices.uk,359647090318648,False,2/3/2021 12:43:52 AM
alldevices@alldevices.uk,359647090318689,False,2/3/2021 12:43:52 AM
alldevices@alldevices.uk,359647090318713,False,2/3/2021 12:43:52 AM
alldevices@alldevices.uk,359647090318788,False,2/3/2021 12:43:52 AM
alldevices@alldevices.uk,359647090321980,False,2/3/2021 12:43:52 AM
alldevices@alldevices.uk,359647090323051,False,2/3/2021 12:43:52 AM
alldevices@alldevices.uk,359647090324695,False,2/3/2021 12:43:52 AM
alldevices@alldevices.uk,359647090325452,False,2/3/2021 12:43:52 AM
alldevices@alldevices.uk,359647090578316,False,2/3/2021 12:43:52 AM
alldevices@alldevices.uk,359647090583977,False,2/3/2021 12:43:52 AM
alldevices@alldevices.uk,359647090584306,False,2/3/2021 12:43:52 AM
alldevices@alldevices.uk,359647090584314,False,2/3/2021 12:43:52 AM
alldevices@alldevices.uk,359647090584561,False,2/3/2021 12:43:52 AM
alldevices@alldevices.uk,359647090584579,False,2/3/2021 12:43:52 AM
alldevices@alldevices.uk,359647090584587,False,2/3/2021 12:43:52 AM
alldevices@alldevices.uk,359647090584595,False,2/3/2021 12:43:52 AM
alldevices@alldevices.uk,359647090584603,False,2/3/2021 12:43:52 AM
alldevices@alldevices.uk,359647090584629,False,2/3/2021 12:43:52 AM
alldevices@alldevices.uk,359647090584637,False,2/3/2021 12:43:52 AM
alldevices@alldevices.uk,359647090584678,False,2/3/2021 12:43:52 AM
alldevices@alldevices.uk,359647090586194,False,2/3/2021 12:43:52 AM
alldevices@alldevices.uk,359647090586202,False,2/3/2021 12:43:52 AM
alldevices@alldevices.uk,359647090586210,False,2/3/2021 12:43:52 AM
alldevices@alldevices.uk,359647090586657,False,2/3/2021 12:43:52 AM
alldevices@alldevices.uk,359647090586681,False,2/3/2021 12:43:52 AM
alldevices@alldevices.uk,359647090586699,False,2/3/2021 12:43:52 AM
alldevices@alldevices.uk,359647090586723,False,2/3/2021 12:43:52 AM
alldevices@alldevices.uk,359647090586731,False,2/3/2021 12:43:52 AM
alldevices@alldevices.uk,359647090586764,False,2/3/2021 12:43:52 AM
alldevices@alldevices.uk,359647090587929,False,2/3/2021 12:43:52 AM
alldevices@alldevices.uk,359647090587945,False,2/3/2021 12:43:52 AM
alldevices@alldevices.uk,359647090587986,False,2/3/2021 12:43:52 AM
alldevices@alldevices.uk,359647090588000,False,2/3/2021 12:43:52 AM
alldevices@alldevices.uk,359647090589883,False,2/3/2021 12:43:52 AM
alldevices@alldevices.uk,359647090590154,False,2/3/2021 12:43:52 AM
alldevices@alldevices.uk,359647090590212,False,2/3/2021 12:43:52 AM
alldevices@alldevices.uk,359647090590238,False,2/3/2021 12:43:52 AM
alldevices@alldevices.uk,359647090591962,False,2/3/2021 12:43:52 AM
alldevices@alldevices.uk,359647090591970,False,2/3/2021 12:43:52 AM
alldevices@alldevices.uk,359647090592051,False,2/3/2021 12:43:52 AM
alldevices@alldevices.uk,359647090592069,False,2/3/2021 12:43:52 AM
alldevices@alldevices.uk,359647090593117,False,2/3/2021 12:43:52 AM
alldevices@alldevices.uk,359647090593513,False,2/3/2021 12:43:52 AM
alldevices@alldevices.uk,359647090593521,False,2/3/2021 12:43:52 AM
alldevices@alldevices.uk,359647090593570,False,2/3/2021 12:43:52 AM
alldevices@alldevices.uk,359647090593638,False,2/3/2021 12:43:52 AM
alldevices@alldevices.uk,359647090595047,False,2/3/2021 12:43:52 AM
alldevices@alldevices.uk,359647090595054,False,2/3/2021 12:43:52 AM
alldevices@alldevices.uk,359647090595070,False,2/3/2021 12:43:52 AM
alldevices@alldevices.uk,359647090595096,False,2/3/2021 12:43:52 AM
alldevices@alldevices.uk,359647090595120,False,2/3/2021 12:43:52 AM
alldevices@alldevices.uk,359647090595146,False,2/3/2021 12:43:52 AM
alldevices@alldevices.uk,359647090629556,False,2/3/2021 12:43:52 AM
alldevices@alldevices.uk,359647090629614,False,2/3/2021 12:43:52 AM
alldevices@alldevices.uk,359647090629622,False,2/3/2021 12:43:52 AM
alldevices@alldevices.uk,359647090629630,False,2/3/2021 12:43:52 AM
alldevices@alldevices.uk,359647090629648,False,2/3/2021 12:43:52 AM
alldevices@alldevices.uk,359647090629663,False,2/3/2021 12:43:52 AM
alldevices@alldevices.uk,359647090631529,False,2/3/2021 12:43:52 AM
alldevices@alldevices.uk,359647090631545,False,2/3/2021 12:43:52 AM
alldevices@alldevices.uk,359647090631578,False,2/3/2021 12:43:52 AM
alldevices@alldevices.uk,359647090631586,False,2/3/2021 12:43:52 AM
alldevices@alldevices.uk,359647090631594,False,2/3/2021 12:43:52 AM
alldevices@alldevices.uk,359647090631602,False,2/3/2021 12:43:52 AM
alldevices@alldevices.uk,359647090631610,False,2/3/2021 12:43:52 AM
alldevices@alldevices.uk,359647090631628,False,2/3/2021 12:43:52 AM
alldevices@alldevices.uk,359647090631644,False,2/3/2021 12:43:52 AM
alldevices@alldevices.uk,359647090634390,False,2/3/2021 12:43:52 AM
alldevices@alldevices.uk,359647090636353,False,2/3/2021 12:43:52 AM
alldevices@alldevices.uk,359647090636379,False,2/3/2021 12:43:52 AM
alldevices@alldevices.uk,359647090636387,False,2/3/2021 12:43:52 AM
alldevices@alldevices.uk,359647090647467,False,2/3/2021 12:43:52 AM
alldevices@alldevices.uk,359647090647475,False,2/3/2021 12:43:52 AM
alldevices@alldevices.uk,359647090647483,False,2/3/2021 12:43:52 AM
alldevices@alldevices.uk,359647090647491,False,2/3/2021 12:43:52 AM
alldevices@alldevices.uk,359647090647509,False,2/3/2021 12:43:52 AM
alldevices@alldevices.uk,359647090647533,False,2/3/2021 12:43:52 AM
alldevices@alldevices.uk,359647090647541,False,2/3/2021 12:43:52 AM
alldevices@alldevices.uk,359647090647558,False,2/3/2021 12:43:52 AM
alldevices@alldevices.uk,359647090647566,False,2/3/2021 12:43:52 AM
alldevices@alldevices.uk,359647090647574,False,2/3/2021 12:43:52 AM
alldevices@alldevices.uk,359647090647582,False,2/3/2021 12:43:52 AM
alldevices@alldevices.uk,359647090649133,False,2/3/2021 12:43:52 AM
alldevices@alldevices.uk,359647090650297,False,2/3/2021 12:43:52 AM
alldevices@alldevices.uk,359647090650321,False,2/3/2021 12:43:52 AM
alldevices@alldevices.uk,359647090650370,False,2/3/2021 12:43:52 AM
alldevices@alldevices.uk,359647090650388,False,2/3/2021 12:43:52 AM
alldevices@alldevices.uk,359647090651238,False,2/3/2021 12:43:52 AM
alldevices@alldevices.uk,359647090651253,False,2/3/2021 12:43:52 AM
alldevices@alldevices.uk,359647090651261,False,2/3/2021 12:43:52 AM
alldevices@alldevices.uk,359647090651279,False,2/3/2021 12:43:52 AM
alldevices@alldevices.uk,359647090651329,False,2/3/2021 12:43:52 AM
alldevices@alldevices.uk,359647090651337,False,2/3/2021 12:43:52 AM
alldevices@alldevices.uk,359647090651345,False,2/3/2021 12:43:52 AM
alldevices@alldevices.uk,359647090653762,False,2/3/2021 12:43:52 AM
alldevices@alldevices.uk,359647090653770,False,2/3/2021 12:43:52 AM
alldevices@alldevices.uk,359647090653861,False,2/3/2021 12:43:52 AM
alldevices@alldevices.uk,359647090655486,False,2/3/2021 12:43:52 AM
alldevices@alldevices.uk,359647090655502,False,2/3/2021 12:43:52 AM
alldevices@alldevices.uk,359647090655536,False,2/3/2021 12:43:52 AM
alldevices@alldevices.uk,359647090655551,False,2/3/2021 12:43:52 AM
alldevices@alldevices.uk,359647090657326,False,2/3/2021 12:43:52 AM
alldevices@alldevices.uk,359647090657342,False,2/3/2021 12:43:52 AM
alldevices@alldevices.uk,359647090657375,False,2/3/2021 12:43:52 AM
alldevices@alldevices.uk,359647090657417,False,2/3/2021 12:43:52 AM
alldevices@alldevices.uk,359647090657433,False,2/3/2021 12:43:52 AM
alldevices@alldevices.uk,359647090657441,False,2/3/2021 12:43:52 AM
alldevices@alldevices.uk,869530043055314,False,2/3/2021 12:43:52 AM
